Texto,Categoria
Tem um mau cheiro forte perto do mercado,Saneamento e Limpeza
Tem um sem luz na região em frente à escola,Iluminação Pública
Tem um lixo acumulado perto do mercado,Saneamento e Limpeza
Tem um buraco enorme na rua do comércio,Obras e Pavimentação
Tem um bueiro entupido na calçada,Saneamento e Limpeza
Tem um mau cheiro forte perto do mercado,Saneamento e Limpeza
Tem um carro abandonado perto do sinal,Trânsito e Mobilidade
Tem um poste apagado no poste da esquina,Iluminação Pública
Tem um calçada quebrada na avenida,Obras e Pavimentação
Tem um calçada quebrada perto da rotatória,Obras e Pavimentação
Tem um carro abandonado perto do sinal,Trânsito e Mobilidade
Tem um calçada quebrada na ladeira,Obras e Pavimentação
Tem um carro abandonado no cruzamento,Trânsito e Mobilidade
Tem um carro abandonado perto do sinal,Trânsito e Mobilidade
Tem um poste apagado no poste da esquina,Iluminação Pública
Tem um poste apagado na rua principal,Iluminação Pública
Tem um bueiro entupido na calçada,Saneamento e Limpeza
Tem um calçada quebrada na avenida,Obras e Pavimentação
Tem um calçada quebrada na avenida,Obras e Pavimentação
Tem um mau cheiro forte na rua,Saneamento e Limpeza
Tem um semáforo quebrada perto do sinal,Trânsito e Mobilidade
Tem um lâmpada queimada na rua principal,Iluminação Pública
Tem um cratera na pista perto da rotatória,Obras e Pavimentação
Tem um lâmpada queimada em frente à escola,Iluminação Pública
Tem um carro abandonado perto do sinal,Trânsito e Mobilidade
Tem um semáforo quebrada na rua principal,Trânsito e Mobilidade
Tem um lâmpada queimada em frente à escola,Iluminação Pública
Tem um placa caída na rua principal,Trânsito e Mobilidade
Tem um calçada quebrada perto da rotatória,Obras e Pavimentação
Tem um asfalto cedendo na avenida,Obras e Pavimentação
Tem um sem luz na região na rua principal,Iluminação Pública
Tem um calçada quebrada na rua do comércio,Obras e Pavimentação
Tem um esgoto estourado na calçada,Saneamento e Limpeza
Tem um trânsito travado no cruzamento,Trânsito e Mobilidade
Tem um bueiro entupido na calçada,Saneamento e Limpeza
Tem um carro abandonado perto do sinal,Trânsito e Mobilidade
Tem um sem luz na região na rua principal,Iluminação Pública
Tem um fios caídos na rua na praça central,Iluminação Pública
Tem um semáforo quebrada na rua principal,Trânsito e Mobilidade
Tem um poste apagado em frente à escola,Iluminação Pública
Tem um bueiro entupido perto do mercado,Saneamento e Limpeza
Tem um bueiro entupido na esquina,Saneamento e Limpeza
Tem um lixo acumulado perto do mercado,Saneamento e Limpeza
Tem um lâmpada queimada na rua principal,Iluminação Pública
Tem um fios caídos na rua em frente à escola,Iluminação Pública
Tem um lâmpada queimada no poste da esquina,Iluminação Pública
Tem um fios caídos na rua na rua principal,Iluminação Pública
Tem um buraco enorme perto da rotatória,Obras e Pavimentação
Tem um lixo acumulado na rua,Saneamento e Limpeza
Tem um calçada quebrada na avenida,Obras e Pavimentação
Tem um bueiro entupido na rua,Saneamento e Limpeza
Tem um lixo acumulado na esquina,Saneamento e Limpeza
Tem um sem luz na região no poste da esquina,Iluminação Pública
Tem um sem luz na região em frente à escola,Iluminação Pública
Tem um carro abandonado perto do sinal,Trânsito e Mobilidade
Tem um asfalto cedendo na rua do comércio,Obras e Pavimentação
Tem um bueiro entupido na calçada,Saneamento e Limpeza
Tem um sem luz na região em frente à escola,Iluminação Pública
Tem um fios caídos na rua na rua principal,Iluminação Pública
Tem um cratera na pista na avenida,Obras e Pavimentação
Tem um cratera na pista na avenida,Obras e Pavimentação
Tem um mau cheiro forte na rua,Saneamento e Limpeza
Tem um placa caída na avenida,Trânsito e Mobilidade
Tem um sem luz na região na praça central,Iluminação Pública
Tem um bueiro entupido perto do mercado,Saneamento e Limpeza
Tem um esgoto estourado na rua,Saneamento e Limpeza
Tem um calçada quebrada na avenida,Obras e Pavimentação
Tem um esgoto estourado na esquina,Saneamento e Limpeza
Tem um poste apagado em frente à escola,Iluminação Pública
Tem um semáforo quebrada na avenida,Trânsito e Mobilidade
Tem um lixo acumulado perto do mercado,Saneamento e Limpeza
Tem um poste apagado em frente à escola,Iluminação Pública
Tem um fios caídos na rua na rua principal,Iluminação Pública
Tem um fios caídos na rua em frente à escola,Iluminação Pública
Tem um placa caída na rua principal,Trânsito e Mobilidade
Tem um lixo acumulado na rua,Saneamento e Limpeza
Tem um mau cheiro forte na rua,Saneamento e Limpeza
Tem um carro abandonado na avenida,Trânsito e Mobilidade
Tem um sem luz na região em frente à escola,Iluminação Pública
Tem um lâmpada queimada no poste da esquina,Iluminação Pública
Tem um lâmpada queimada na praça central,Iluminação Pública
Tem um esgoto estourado perto do mercado,Saneamento e Limpeza
Tem um lixo acumulado na calçada,Saneamento e Limpeza
Tem um lixo acumulado na calçada,Saneamento e Limpeza
Tem um sem luz na região na rua principal,Iluminação Pública
Tem um bueiro entupido na calçada,Saneamento e Limpeza
Tem um bueiro entupido na esquina,Saneamento e Limpeza
Tem um lâmpada queimada no poste da esquina,Iluminação Pública
Tem um sem luz na região na praça central,Iluminação Pública
Tem um lâmpada queimada na rua principal,Iluminação Pública
Tem um semáforo quebrada perto do sinal,Trânsito e Mobilidade
Tem um calçada quebrada na avenida,Obras e Pavimentação
Tem um placa caída no cruzamento,Trânsito e Mobilidade
Tem um calçada quebrada na avenida,Obras e Pavimentação
Tem um calçada quebrada perto da rotatória,Obras e Pavimentação
Tem um esgoto estourado na calçada,Saneamento e Limpeza
Tem um esgoto estourado na esquina,Saneamento e Limpeza
Tem um sem luz na região na rua principal,Iluminação Pública
Tem um sem luz na região em frente à escola,Iluminação Pública
Tem um lixo acumulado perto do mercado,Saneamento e Limpeza
Tem um sem luz na região na rua principal,Iluminação Pública
Tem um calçada quebrada perto da rotatória,Obras e Pavimentação
Tem um lixo acumulado perto do mercado,Saneamento e Limpeza
Tem um asfalto cedendo na ladeira,Obras e Pavimentação
Tem um placa caída no cruzamento,Trânsito e Mobilidade
Tem um semáforo quebrada no cruzamento,Trânsito e Mobilidade
Tem um carro abandonado na avenida,Trânsito e Mobilidade
Tem um semáforo quebrada na avenida,Trânsito e Mobilidade
Tem um mau cheiro forte na esquina,Saneamento e Limpeza
Tem um buraco enorme na ladeira,Obras e Pavimentação
Tem um mau cheiro forte na calçada,Saneamento e Limpeza
Tem um lâmpada queimada no poste da esquina,Iluminação Pública
Tem um poste apagado em frente à escola,Iluminação Pública
Tem um placa caída perto do sinal,Trânsito e Mobilidade
Tem um placa caída na avenida,Trânsito e Mobilidade
Tem um calçada quebrada na ladeira,Obras e Pavimentação
Tem um mau cheiro forte perto do mercado,Saneamento e Limpeza
Tem um lixo acumulado na rua,Saneamento e Limpeza
Tem um poste apagado na praça central,Iluminação Pública
Tem um carro abandonado na avenida,Trânsito e Mobilidade
Tem um poste apagado na praça central,Iluminação Pública
Tem um lixo acumulado na calçada,Saneamento e Limpeza
Tem um asfalto cedendo na rua do comércio,Obras e Pavimentação
Tem um sem luz na região em frente à escola,Iluminação Pública
Tem um buraco enorme perto da rotatória,Obras e Pavimentação
Tem um fios caídos na rua no poste da esquina,Iluminação Pública
Tem um calçada quebrada perto da rotatória,Obras e Pavimentação
Tem um mau cheiro forte perto do mercado,Saneamento e Limpeza
Tem um placa caída na rua principal,Trânsito e Mobilidade
Tem um carro abandonado perto do sinal,Trânsito e Mobilidade
Tem um esgoto estourado perto do mercado,Saneamento e Limpeza
Tem um buraco enorme na rua do comércio,Obras e Pavimentação
Tem um buraco enorme na avenida,Obras e Pavimentação
Tem um bueiro entupido perto do mercado,Saneamento e Limpeza
Tem um placa caída na avenida,Trânsito e Mobilidade
Tem um semáforo quebrada na avenida,Trânsito e Mobilidade
Tem um semáforo quebrada na avenida,Trânsito e Mobilidade
Tem um cratera na pista na avenida,Obras e Pavimentação
Tem um sem luz na região em frente à escola,Iluminação Pública
Tem um mau cheiro forte na esquina,Saneamento e Limpeza
Tem um carro abandonado perto do sinal,Trânsito e Mobilidade
Tem um semáforo quebrada na avenida,Trânsito e Mobilidade
Tem um lixo acumulado na calçada,Saneamento e Limpeza
Tem um cratera na pista na ladeira,Obras e Pavimentação
Tem um bueiro entupido na esquina,Saneamento e Limpeza
Tem um cratera na pista na ladeira,Obras e Pavimentação
Tem um carro abandonado perto do sinal,Trânsito e Mobilidade
Tem um asfalto cedendo na rua do comércio,Obras e Pavimentação
Tem um trânsito travado no cruzamento,Trânsito e Mobilidade
Tem um cratera na pista na ladeira,Obras e Pavimentação
Tem um esgoto estourado na calçada,Saneamento e Limpeza
Tem um lâmpada queimada na rua principal,Iluminação Pública
Tem um mau cheiro forte perto do mercado,Saneamento e Limpeza
Tem um lixo acumulado perto do mercado,Saneamento e Limpeza
Tem um esgoto estourado na rua,Saneamento e Limpeza
Tem um cratera na pista na avenida,Obras e Pavimentação
Tem um semáforo quebrada perto do sinal,Trânsito e Mobilidade
Tem um cratera na pista na ladeira,Obras e Pavimentação
Tem um fios caídos na rua no poste da esquina,Iluminação Pública
Tem um esgoto estourado na calçada,Saneamento e Limpeza
Tem um buraco enorme na avenida,Obras e Pavimentação
Tem um esgoto estourado na calçada,Saneamento e Limpeza
Tem um placa caída perto do sinal,Trânsito e Mobilidade
Tem um carro abandonado no cruzamento,Trânsito e Mobilidade
Tem um trânsito travado no cruzamento,Trânsito e Mobilidade
Tem um lixo acumulado na calçada,Saneamento e Limpeza
Tem um cratera na pista perto da rotatória,Obras e Pavimentação
Tem um poste apagado na praça central,Iluminação Pública
Tem um semáforo quebrada no cruzamento,Trânsito e Mobilidade
Tem um cratera na pista na ladeira,Obras e Pavimentação
Tem um asfalto cedendo na ladeira,Obras e Pavimentação
Tem um bueiro entupido na calçada,Saneamento e Limpeza
Tem um calçada quebrada na ladeira,Obras e Pavimentação
Tem um lixo acumulado perto do mercado,Saneamento e Limpeza
Tem um sem luz na região na rua principal,Iluminação Pública
Tem um placa caída perto do sinal,Trânsito e Mobilidade
Tem um buraco enorme perto da rotatória,Obras e Pavimentação
Tem um buraco enorme na avenida,Obras e Pavimentação
Tem um trânsito travado no cruzamento,Trânsito e Mobilidade
Tem um lixo acumulado na calçada,Saneamento e Limpeza
Tem um lâmpada queimada na rua principal,Iluminação Pública
Tem um lâmpada queimada na praça central,Iluminação Pública
Tem um lixo acumulado perto do mercado,Saneamento e Limpeza
Tem um placa caída na avenida,Trânsito e Mobilidade
Tem um calçada quebrada na avenida,Obras e Pavimentação
Tem um cratera na pista na avenida,Obras e Pavimentação
Tem um calçada quebrada perto da rotatória,Obras e Pavimentação
Tem um mau cheiro forte na esquina,Saneamento e Limpeza
Tem um calçada quebrada na rua do comércio,Obras e Pavimentação
Tem um fios caídos na rua na praça central,Iluminação Pública
Tem um mau cheiro forte na esquina,Saneamento e Limpeza
Tem um asfalto cedendo na rua do comércio,Obras e Pavimentação
Tem um placa caída no cruzamento,Trânsito e Mobilidade
Tem um bueiro entupido perto do mercado,Saneamento e Limpeza
Tem um trânsito travado na avenida,Trânsito e Mobilidade
Tem um lixo acumulado na esquina,Saneamento e Limpeza
Tem um buraco enorme perto da rotatória,Obras e Pavimentação
Tem um mau cheiro forte na esquina,Saneamento e Limpeza
Tem um semáforo quebrada na rua principal,Trânsito e Mobilidade
Tem um cratera na pista na rua do comércio,Obras e Pavimentação
Tem um trânsito travado na avenida,Trânsito e Mobilidade
Tem um lixo acumulado na esquina,Saneamento e Limpeza
Tem um mau cheiro forte na esquina,Saneamento e Limpeza
Tem um sem luz na região na rua principal,Iluminação Pública
Tem um calçada quebrada na avenida,Obras e Pavimentação
Tem um esgoto estourado perto do mercado,Saneamento e Limpeza
Tem um fios caídos na rua em frente à escola,Iluminação Pública
Tem um esgoto estourado na calçada,Saneamento e Limpeza
Tem um esgoto estourado perto do mercado,Saneamento e Limpeza
Tem um fios caídos na rua na rua principal,Iluminação Pública
Tem um lixo acumulado na calçada,Saneamento e Limpeza
Tem um trânsito travado na rua principal,Trânsito e Mobilidade
Tem um sem luz na região na praça central,Iluminação Pública
Tem um fios caídos na rua na praça central,Iluminação Pública
Tem um asfalto cedendo na rua do comércio,Obras e Pavimentação
Tem um bueiro entupido na rua,Saneamento e Limpeza
Tem um buraco enorme na avenida,Obras e Pavimentação
Tem um lâmpada queimada em frente à escola,Iluminação Pública
Tem um fios caídos na rua na praça central,Iluminação Pública
Tem um esgoto estourado perto do mercado,Saneamento e Limpeza
Tem um sem luz na região na rua principal,Iluminação Pública
Tem um sem luz na região na rua principal,Iluminação Pública
Tem um buraco enorme na avenida,Obras e Pavimentação
Tem um bueiro entupido na rua,Saneamento e Limpeza
Tem um esgoto estourado na rua,Saneamento e Limpeza
Tem um trânsito travado perto do sinal,Trânsito e Mobilidade
Tem um semáforo quebrada perto do sinal,Trânsito e Mobilidade
Tem um fios caídos na rua em frente à escola,Iluminação Pública
Tem um cratera na pista perto da rotatória,Obras e Pavimentação
Tem um sem luz na região na rua principal,Iluminação Pública
Tem um bueiro entupido perto do mercado,Saneamento e Limpeza
Tem um mau cheiro forte na calçada,Saneamento e Limpeza
Tem um mau cheiro forte na rua,Saneamento e Limpeza
Tem um buraco enorme na ladeira,Obras e Pavimentação
Tem um cratera na pista perto da rotatória,Obras e Pavimentação
Tem um trânsito travado perto do sinal,Trânsito e Mobilidade
Tem um buraco enorme perto da rotatória,Obras e Pavimentação
Tem um placa caída perto do sinal,Trânsito e Mobilidade
Tem um trânsito travado no cruzamento,Trânsito e Mobilidade
Tem um lâmpada queimada na rua principal,Iluminação Pública
Tem um buraco enorme na ladeira,Obras e Pavimentação
Tem um esgoto estourado na calçada,Saneamento e Limpeza
Tem um lixo acumulado na calçada,Saneamento e Limpeza
Tem um buraco enorme perto da rotatória,Obras e Pavimentação
Tem um trânsito travado no cruzamento,Trânsito e Mobilidade
Tem um sem luz na região em frente à escola,Iluminação Pública
Tem um lâmpada queimada no poste da esquina,Iluminação Pública
Tem um sem luz na região no poste da esquina,Iluminação Pública
Tem um placa caída na avenida,Trânsito e Mobilidade
Tem um trânsito travado na rua principal,Trânsito e Mobilidade
Tem um poste apagado na praça central,Iluminação Pública
Tem um lâmpada queimada na rua principal,Iluminação Pública
Tem um lâmpada queimada na praça central,Iluminação Pública
Tem um asfalto cedendo na ladeira,Obras e Pavimentação
Tem um mau cheiro forte perto do mercado,Saneamento e Limpeza
Tem um lâmpada queimada em frente à escola,Iluminação Pública
Tem um esgoto estourado na esquina,Saneamento e Limpeza
Tem um mau cheiro forte na esquina,Saneamento e Limpeza
Tem um bueiro entupido na esquina,Saneamento e Limpeza
Tem um poste apagado em frente à escola,Iluminação Pública
Tem um asfalto cedendo na ladeira,Obras e Pavimentação
Tem um calçada quebrada perto da rotatória,Obras e Pavimentação
Tem um semáforo quebrada na avenida,Trânsito e Mobilidade
Tem um lixo acumulado na esquina,Saneamento e Limpeza
Tem um placa caída no cruzamento,Trânsito e Mobilidade
Tem um mau cheiro forte na rua,Saneamento e Limpeza
Tem um bueiro entupido na rua,Saneamento e Limpeza
Tem um semáforo quebrada na rua principal,Trânsito e Mobilidade
Tem um buraco enorme na avenida,Obras e Pavimentação
Tem um buraco enorme na ladeira,Obras e Pavimentação
Tem um esgoto estourado na calçada,Saneamento e Limpeza
Tem um fios caídos na rua no poste da esquina,Iluminação Pública
Tem um poste apagado na rua principal,Iluminação Pública
Tem um carro abandonado no cruzamento,Trânsito e Mobilidade
Tem um fios caídos na rua na rua principal,Iluminação Pública
Tem um buraco enorme na ladeira,Obras e Pavimentação
Tem um lâmpada queimada em frente à escola,Iluminação Pública
Tem um asfalto cedendo na avenida,Obras e Pavimentação
Tem um trânsito travado no cruzamento,Trânsito e Mobilidade
Tem um semáforo quebrada na rua principal,Trânsito e Mobilidade
Tem um asfalto cedendo na avenida,Obras e Pavimentação
Tem um fios caídos na rua no poste da esquina,Iluminação Pública
Tem um cratera na pista perto da rotatória,Obras e Pavimentação
Tem um esgoto estourado na calçada,Saneamento e Limpeza
Tem um esgoto estourado na calçada,Saneamento e Limpeza
Tem um lixo acumulado perto do mercado,Saneamento e Limpeza
Tem um trânsito travado na rua principal,Trânsito e Mobilidade
Tem um mau cheiro forte perto do mercado,Saneamento e Limpeza
Tem um bueiro entupido na calçada,Saneamento e Limpeza
Tem um fios caídos na rua em frente à escola,Iluminação Pública
Tem um bueiro entupido na rua,Saneamento e Limpeza
Tem um cratera na pista na avenida,Obras e Pavimentação
Tem um calçada quebrada perto da rotatória,Obras e Pavimentação
Tem um lixo acumulado perto do mercado,Saneamento e Limpeza
Tem um buraco enorme perto da rotatória,Obras e Pavimentação
Tem um sem luz na região na rua principal,Iluminação Pública
Tem um calçada quebrada na rua do comércio,Obras e Pavimentação
Tem um cratera na pista na rua do comércio,Obras e Pavimentação
Tem um buraco enorme na avenida,Obras e Pavimentação
Tem um asfalto cedendo na rua do comércio,Obras e Pavimentação
Tem um lixo acumulado na rua,Saneamento e Limpeza
Tem um bueiro entupido perto do mercado,Saneamento e Limpeza
Tem um cratera na pista perto da rotatória,Obras e Pavimentação
Tem um carro abandonado na rua principal,Trânsito e Mobilidade
Tem um semáforo quebrada na rua principal,Trânsito e Mobilidade
Tem um carro abandonado na avenida,Trânsito e Mobilidade
Tem um poste apagado na praça central,Iluminação Pública
Tem um cratera na pista na rua do comércio,Obras e Pavimentação
Tem um poste apagado na rua principal,Iluminação Pública
Tem um buraco enorme na avenida,Obras e Pavimentação
Tem um semáforo quebrada na rua principal,Trânsito e Mobilidade
Tem um sem luz na região em frente à escola,Iluminação Pública
Tem um calçada quebrada perto da rotatória,Obras e Pavimentação
Tem um carro abandonado perto do sinal,Trânsito e Mobilidade
Tem um bueiro entupido perto do mercado,Saneamento e Limpeza
Tem um cratera na pista na avenida,Obras e Pavimentação
Tem um cratera na pista na avenida,Obras e Pavimentação
Tem um placa caída perto do sinal,Trânsito e Mobilidade
Tem um lixo acumulado na calçada,Saneamento e Limpeza
Tem um calçada quebrada na avenida,Obras e Pavimentação
Tem um lixo acumulado na rua,Saneamento e Limpeza
Tem um carro abandonado na avenida,Trânsito e Mobilidade
Tem um lâmpada queimada na praça central,Iluminação Pública
Tem um cratera na pista na ladeira,Obras e Pavimentação
Tem um cratera na pista na rua do comércio,Obras e Pavimentação
Tem um fios caídos na rua na rua principal,Iluminação Pública
Tem um lâmpada queimada na rua principal,Iluminação Pública
Tem um semáforo quebrada na avenida,Trânsito e Mobilidade
Tem um bueiro entupido na rua,Saneamento e Limpeza
Tem um fios caídos na rua no poste da esquina,Iluminação Pública
Tem um sem luz na região na praça central,Iluminação Pública
Tem um lâmpada queimada na rua principal,Iluminação Pública
Tem um esgoto estourado na rua,Saneamento e Limpeza
Tem um bueiro entupido perto do mercado,Saneamento e Limpeza
Tem um fios caídos na rua na praça central,Iluminação Pública
Tem um lâmpada queimada na praça central,Iluminação Pública
Tem um lâmpada queimada no poste da esquina,Iluminação Pública
Tem um mau cheiro forte na esquina,Saneamento e Limpeza
Tem um asfalto cedendo na ladeira,Obras e Pavimentação
Tem um trânsito travado na rua principal,Trânsito e Mobilidade
Tem um calçada quebrada na rua do comércio,Obras e Pavimentação
Tem um cratera na pista perto da rotatória,Obras e Pavimentação
Tem um cratera na pista perto da rotatória,Obras e Pavimentação
Tem um buraco enorme na avenida,Obras e Pavimentação
Tem um lixo acumulado na esquina,Saneamento e Limpeza
Tem um poste apagado na praça central,Iluminação Pública
Tem um trânsito travado na rua principal,Trânsito e Mobilidade
Tem um poste apagado na rua principal,Iluminação Pública
Tem um esgoto estourado na rua,Saneamento e Limpeza
Tem um sem luz na região na praça central,Iluminação Pública
Tem um esgoto estourado na rua,Saneamento e Limpeza
Tem um poste apagado em frente à escola,Iluminação Pública
Tem um poste apagado no poste da esquina,Iluminação Pública
Tem um sem luz na região na praça central,Iluminação Pública
Tem um lâmpada queimada na rua principal,Iluminação Pública
Tem um fios caídos na rua na rua principal,Iluminação Pública
Tem um buraco enorme perto da rotatória,Obras e Pavimentação
Tem um carro abandonado no cruzamento,Trânsito e Mobilidade
Tem um lâmpada queimada na praça central,Iluminação Pública
Tem um esgoto estourado na esquina,Saneamento e Limpeza
Tem um placa caída perto do sinal,Trânsito e Mobilidade
Tem um placa caída perto do sinal,Trânsito e Mobilidade
Tem um semáforo quebrada na avenida,Trânsito e Mobilidade
Tem um bueiro entupido perto do mercado,Saneamento e Limpeza
Tem um buraco enorme na avenida,Obras e Pavimentação
Tem um calçada quebrada na ladeira,Obras e Pavimentação
Tem um esgoto estourado na rua,Saneamento e Limpeza
Tem um cratera na pista na ladeira,Obras e Pavimentação
Tem um cratera na pista perto da rotatória,Obras e Pavimentação
Tem um lixo acumulado na calçada,Saneamento e Limpeza
Tem um esgoto estourado na esquina,Saneamento e Limpeza
Tem um placa caída no cruzamento,Trânsito e Mobilidade
Tem um fios caídos na rua em frente à escola,Iluminação Pública
Tem um placa caída no cruzamento,Trânsito e Mobilidade
Tem um carro abandonado perto do sinal,Trânsito e Mobilidade
Tem um fios caídos na rua na rua principal,Iluminação Pública
Tem um placa caída no cruzamento,Trânsito e Mobilidade
Tem um lixo acumulado na calçada,Saneamento e Limpeza
Tem um fios caídos na rua na rua principal,Iluminação Pública
Tem um asfalto cedendo na ladeira,Obras e Pavimentação
Tem um lixo acumulado na calçada,Saneamento e Limpeza
Tem um semáforo quebrada no cruzamento,Trânsito e Mobilidade
Tem um asfalto cedendo na rua do comércio,Obras e Pavimentação
Tem um poste apagado na praça central,Iluminação Pública
Tem um placa caída no cruzamento,Trânsito e Mobilidade
Tem um trânsito travado na avenida,Trânsito e Mobilidade
Tem um lixo acumulado perto do mercado,Saneamento e Limpeza
Tem um asfalto cedendo perto da rotatória,Obras e Pavimentação
Tem um placa caída na avenida,Trânsito e Mobilidade
Tem um lixo acumulado na rua,Saneamento e Limpeza
Tem um carro abandonado no cruzamento,Trânsito e Mobilidade
Tem um sem luz na região em frente à escola,Iluminação Pública
Tem um cratera na pista perto da rotatória,Obras e Pavimentação
Tem um lâmpada queimada na praça central,Iluminação Pública
Tem um cratera na pista na avenida,Obras e Pavimentação
Tem um calçada quebrada na avenida,Obras e Pavimentação
Tem um semáforo quebrada na rua principal,Trânsito e Mobilidade
Tem um calçada quebrada na avenida,Obras e Pavimentação
Tem um asfalto cedendo na avenida,Obras e Pavimentação
Tem um cratera na pista na rua do comércio,Obras e Pavimentação
Tem um calçada quebrada perto da rotatória,Obras e Pavimentação
Tem um fios caídos na rua na praça central,Iluminação Pública
Tem um sem luz na região na rua principal,Iluminação Pública
Tem um poste apagado na praça central,Iluminação Pública
Tem um calçada quebrada na ladeira,Obras e Pavimentação
Tem um cratera na pista perto da rotatória,Obras e Pavimentação
Tem um fios caídos na rua em frente à escola,Iluminação Pública
Tem um buraco enorme na rua do comércio,Obras e Pavimentação
Tem um lâmpada queimada na praça central,Iluminação Pública
Tem um placa caída na rua principal,Trânsito e Mobilidade
Tem um placa caída na avenida,Trânsito e Mobilidade
Tem um asfalto cedendo na avenida,Obras e Pavimentação
Tem um lâmpada queimada no poste da esquina,Iluminação Pública
Tem um lixo acumulado na esquina,Saneamento e Limpeza
Tem um calçada quebrada na rua do comércio,Obras e Pavimentação
Tem um carro abandonado na rua principal,Trânsito e Mobilidade
Tem um bueiro entupido na esquina,Saneamento e Limpeza
Tem um asfalto cedendo na rua do comércio,Obras e Pavimentação
Tem um trânsito travado na rua principal,Trânsito e Mobilidade
Tem um cratera na pista na avenida,Obras e Pavimentação
Tem um carro abandonado na avenida,Trânsito e Mobilidade
Tem um lâmpada queimada no poste da esquina,Iluminação Pública
Tem um lâmpada queimada na rua principal,Iluminação Pública
Tem um placa caída no cruzamento,Trânsito e Mobilidade
Tem um asfalto cedendo na ladeira,Obras e Pavimentação
Tem um fios caídos na rua na rua principal,Iluminação Pública
Tem um fios caídos na rua em frente à escola,Iluminação Pública
Tem um buraco enorme na rua do comércio,Obras e Pavimentação
Tem um lixo acumulado na rua,Saneamento e Limpeza
Tem um semáforo quebrada no cruzamento,Trânsito e Mobilidade
Tem um bueiro entupido perto do mercado,Saneamento e Limpeza
Tem um esgoto estourado na rua,Saneamento e Limpeza
Tem um lixo acumulado na esquina,Saneamento e Limpeza
Tem um asfalto cedendo na rua do comércio,Obras e Pavimentação
Tem um semáforo quebrada perto do sinal,Trânsito e Mobilidade
Tem um bueiro entupido perto do mercado,Saneamento e Limpeza
Tem um esgoto estourado na esquina,Saneamento e Limpeza
Tem um lixo acumulado na rua,Saneamento e Limpeza
Tem um asfalto cedendo na rua do comércio,Obras e Pavimentação
Tem um carro abandonado perto do sinal,Trânsito e Mobilidade
Tem um buraco enorme na avenida,Obras e Pavimentação
Tem um lixo acumulado na calçada,Saneamento e Limpeza
Tem um semáforo quebrada na avenida,Trânsito e Mobilidade
Tem um bueiro entupido na esquina,Saneamento e Limpeza
Tem um buraco enorme perto da rotatória,Obras e Pavimentação
Tem um carro abandonado na avenida,Trânsito e Mobilidade
Tem um mau cheiro forte na rua,Saneamento e Limpeza
Tem um esgoto estourado perto do mercado,Saneamento e Limpeza
Tem um trânsito travado na avenida,Trânsito e Mobilidade
Tem um sem luz na região na praça central,Iluminação Pública
Tem um fios caídos na rua na rua principal,Iluminação Pública
Tem um lixo acumulado na calçada,Saneamento e Limpeza
Tem um lâmpada queimada em frente à escola,Iluminação Pública
Tem um trânsito travado na rua principal,Trânsito e Mobilidade
Tem um sem luz na região na rua principal,Iluminação Pública
Tem um buraco enorme na rua do comércio,Obras e Pavimentação
Tem um bueiro entupido na rua,Saneamento e Limpeza
Tem um lixo acumulado na esquina,Saneamento e Limpeza
Tem um semáforo quebrada na avenida,Trânsito e Mobilidade
Tem um bueiro entupido na calçada,Saneamento e Limpeza
Tem um poste apagado no poste da esquina,Iluminação Pública
Tem um poste apagado na rua principal,Iluminação Pública
Tem um calçada quebrada perto da rotatória,Obras e Pavimentação
Tem um carro abandonado no cruzamento,Trânsito e Mobilidade
Tem um esgoto estourado na calçada,Saneamento e Limpeza
Tem um lixo acumulado na calçada,Saneamento e Limpeza
Tem um cratera na pista perto da rotatória,Obras e Pavimentação
Tem um semáforo quebrada na avenida,Trânsito e Mobilidade
Tem um fios caídos na rua em frente à escola,Iluminação Pública
Tem um placa caída no cruzamento,Trânsito e Mobilidade
Tem um placa caída na avenida,Trânsito e Mobilidade
Tem um trânsito travado perto do sinal,Trânsito e Mobilidade
Tem um cratera na pista na ladeira,Obras e Pavimentação
Tem um lixo acumulado perto do mercado,Saneamento e Limpeza
Tem um lixo acumulado perto do mercado,Saneamento e Limpeza
Tem um lixo acumulado na calçada,Saneamento e Limpeza
Tem um esgoto estourado perto do mercado,Saneamento e Limpeza
Tem um placa caída na rua principal,Trânsito e Mobilidade
Tem um lâmpada queimada no poste da esquina,Iluminação Pública
Tem um poste apagado no poste da esquina,Iluminação Pública
Tem um asfalto cedendo perto da rotatória,Obras e Pavimentação
Tem um fios caídos na rua na praça central,Iluminação Pública
Tem um sem luz na região na praça central,Iluminação Pública
Tem um asfalto cedendo na avenida,Obras e Pavimentação
Tem um cratera na pista perto da rotatória,Obras e Pavimentação
Tem um lixo acumulado perto do mercado,Saneamento e Limpeza
Tem um semáforo quebrada no cruzamento,Trânsito e Mobilidade
Tem um poste apagado no poste da esquina,Iluminação Pública
Tem um lixo acumulado na rua,Saneamento e Limpeza
Tem um sem luz na região na praça central,Iluminação Pública
Tem um mau cheiro forte na calçada,Saneamento e Limpeza
Tem um lâmpada queimada em frente à escola,Iluminação Pública
Tem um trânsito travado no cruzamento,Trânsito e Mobilidade
Tem um bueiro entupido perto do mercado,Saneamento e Limpeza
Tem um lâmpada queimada em frente à escola,Iluminação Pública
Tem um sem luz na região na rua principal,Iluminação Pública
Tem um semáforo quebrada no cruzamento,Trânsito e Mobilidade
Tem um cratera na pista na ladeira,Obras e Pavimentação
Tem um placa caída no cruzamento,Trânsito e Mobilidade
Tem um asfalto cedendo na avenida,Obras e Pavimentação
